"id1","work_time_by_livablespace"
"BS4BzvMClR","0.010921579582512619"
"Piv2BAVBjb","0.007408765473652553"
"bvdd8e6v4G","0.01105750731216188"
"df3blK7xCK","0.02792599594568527"
"ibAALs4Kib","0.03262966829076182"
"lEod4cQOjA","0.006600608275461627"
